duns,ofo_status,ofo_expiry,ofo_issue,certify_status,certify_expiry,certify_issue,status_match,issue_match,expiry_match
1899546,graduated,6/9/2018,6/8/2009,,,,,,
2661062,active,1/21/2025,1/21/2016,,,,,,
4618565,active,5/16/2021,5/16/2012,,,,,,
5806133,graduated,1/3/2018,12/29/2008,,,,,,
5823458,graduated,6/9/2018,6/8/2009,,,,,,
6617604,graduated,7/22/2018,7/22/2009,,,,,,
6644103,graduated,8/31/2018,8/31/2009,,,,,,
6732812,active,4/21/2025,4/21/2016,,,,,,
8304518,graduated,9/25/2018,9/25/2009,,,,,,
8676090,graduated,7/28/2018,7/28/2009,,,,,,
9227576,terminated,5/7/2018,3/25/2016,,,,,,
9838892,graduated,11/27/2018,11/27/2009,,,,,,
10915622,graduated,3/31/2018,3/30/2009,,,,,,
11600477,withdrawn,6/22/2018,2/25/2015,,,,,,
11787640,graduated,6/30/2018,6/30/2009,,,,,,
11916215,graduated,8/21/2018,8/21/2009,,,,,,
12711862,graduated,6/9/2018,6/8/2009,,,,,,
13298395,terminated,12/14/2017,1/31/2011,,,,,,
14015750,active,11/8/2019,11/8/2010,,,,,,
14300034,graduated,11/14/2018,11/14/2009,,,,,,
14342376,graduated,10/8/2018,10/8/2009,,,,,,
14435882,graduated,3/7/2018,3/6/2009,,,,,,
14831073,active,12/20/2020,12/20/2011,,,,,,
15035656,terminated,1/10/2018,4/12/2013,,,,,,
15040063,active,7/25/2020,7/25/2011,,,,,,
15195890,graduated,11/4/2018,11/4/2009,,,,,,
15435345,graduated,2/8/2019,2/8/2010,,,,,,
16555777,terminated,5/11/2018,8/26/2011,,,,,,
16933927,graduated,5/28/2018,5/26/2009,,,,,,
17160073,graduated,3/27/2018,3/26/2009,,,,,,
17442987,active,3/29/2021,3/29/2012,,,,,,
17743803,graduated,2/26/2018,2/25/2009,,,,,,
18157151,graduated,3/31/2018,3/30/2009,,,,,,
18792159,terminated,12/14/2017,10/13/2016,,,,,,
19115119,graduated,7/10/2018,7/10/2009,,,,,,
21838933,graduated,7/10/2018,7/10/2009,,,,,,
22342286,graduated,7/28/2018,7/28/2009,,,,,,
22665041,active,3/28/2024,3/28/2015,,,,,,
22878590,withdrawn,11/17/2017,8/13/2014,,,,,,
23153500,graduated,9/10/2018,9/10/2009,,,,,,
23536833,active,7/31/2024,7/31/2015,,,,,,
24128542,graduated,9/17/2018,9/17/2009,,,,,,
24292452,graduated,10/22/2018,10/22/2009,,,,,,
24693306,graduated,6/18/2018,6/18/2009,,,,,,
25275721,graduated,11/14/2018,11/14/2009,,,,,,
25619798,withdrawn,6/4/2018,1/24/2011,,,,,,
27645667,withdrawn,8/16/2018,12/30/2010,,,,,,
28537846,active,12/6/2024,12/6/2015,,,,,,
28965684,graduated,2/26/2018,2/25/2009,,,,,,
29116285,withdrawn,6/4/2018,2/17/2017,,,,,,
29790073,graduated,3/27/2018,3/26/2009,,,,,,
30990136,active,1/2/2023,1/2/2014,,,,,,
31283075,graduated,9/2/2018,9/2/2009,,,,,,
31472454,withdrawn,2/2/2018,5/3/2011,,,,,,
32085461,active,9/26/2020,9/26/2011,,,,,,
32462500,withdrawn,11/7/2017,3/25/2011,,,,,,
32543444,graduated,7/10/2018,7/10/2009,,,,,,
32609294,withdrawn,8/22/2018,9/14/2011,,,,,,
38759593,graduated,11/4/2018,11/4/2009,,,,,,
38842822,withdrawn,8/22/2018,7/31/2015,,,,,,
39274555,graduated,8/11/2018,8/11/2009,,,,,,
43675615,graduated,11/4/2018,11/4/2009,,,,,,
45262088,withdrawn,9/7/2017,9/30/2016,,,,,,
47097261,graduated,6/30/2018,6/30/2009,,,,,,
47949350,terminated,9/14/2018,8/6/2015,,,,,,
48040690,graduated,7/28/2018,7/28/2009,,,,,,
48461215,active,2/12/2025,2/12/2016,,,,,,
50375315,graduated,2/8/2019,2/8/2010,,,,,,
52467805,active,1/21/2020,1/21/2011,,,,,,
53390129,active,2/6/2021,2/6/2012,,,,,,
56580236,withdrawn,5/21/2018,3/22/2010,,,,,,
65092322,graduated,9/17/2018,9/17/2009,,,,,,
69155641,graduated,8/21/2018,8/21/2009,,,,,,
72381622,graduated,6/18/2018,6/18/2009,,,,,,
73195716,graduated,9/17/2018,9/17/2009,,,,,,
73744471,graduated,10/8/2018,10/8/2009,,,,,,
75162862,graduated,9/25/2018,9/25/2009,,,,,,
75429501,graduated,9/17/2018,9/17/2009,,,,,,
78205184,graduated,6/30/2018,6/30/2009,,,,,,
78352485,active,3/22/2022,3/22/2013,,,,,,
78358775,withdrawn,2/1/2018,11/29/2015,,,,,,
78358786,active,7/26/2022,7/26/2013,,,,,,
78394434,graduated,10/29/2018,10/29/2009,,,,,,
78404731,withdrawn,11/3/2017,7/11/2012,,,,,,
78419191,withdrawn,2/2/2018,10/4/2015,,,,,,
78455900,withdrawn,10/27/2017,6/19/2016,,,,,,
78477543,withdrawn,5/21/2018,12/24/2014,,,,,,
78539671,early_graduated,8/16/2018,1/31/2014,,,,,,
78542803,active,4/21/2025,4/21/2016,,,,,,
78647636,active,5/9/2022,5/9/2013,,,,,,
78850490,active,1/25/2025,1/25/2016,,,,,,
79147813,withdrawn,8/22/2018,1/14/2016,,,,,,
79539133,active,10/12/2025,10/12/2016,,,,,,
79712936,graduated,7/22/2018,7/22/2009,,,,,,
81513736,graduated,9/21/2018,9/21/2009,,,,,,
83703384,graduated,8/19/2018,8/19/2009,,,,,,
83730502,graduated,3/7/2018,3/6/2009,,,,,,
84548148,graduated,6/18/2018,6/18/2009,,,,,,
84587299,graduated,6/9/2018,6/8/2009,,,,,,
85246945,active,3/9/2019,3/9/2010,,,,,,
89408913,graduated,9/30/2018,9/30/2009,,,,,,
90555640,graduated,6/30/2018,6/30/2009,,,,,,
92233600,graduated,7/2/2018,7/2/2009,,,,,,
93641538,graduated,8/11/2018,8/11/2009,,,,,,
93834476,terminated,5/7/2018,9/1/2010,,,,,,
98222201,graduated,8/11/2018,8/11/2009,,,,,,
100677652,withdrawn,8/22/2018,3/6/2014,,,,,,
102689585,graduated,11/14/2018,11/14/2009,,,,,,
102807984,graduated,10/8/2018,10/8/2009,,,,,,
103083684,graduated,10/22/2018,10/22/2009,,,,,,
103898974,active,4/18/2022,4/18/2013,,,,,,
104379065,graduated,12/30/2017,12/29/2008,,,,,,
104464206,graduated,3/31/2018,3/30/2009,,,,,,
105942010,graduated,1/10/2018,1/9/2009,,,,,,
107262201,graduated,9/30/2018,9/30/2009,,,,,,
110340937,graduated,7/10/2018,7/10/2009,,,,,,
110505125,withdrawn,8/22/2018,4/8/2016,,,,,,
111302063,graduated,7/24/2018,7/23/2009,,,,,,
113415207,graduated,3/7/2018,3/6/2009,,,,,,
114862183,graduated,7/31/2018,7/30/2009,,,,,,
118125447,graduated,7/10/2018,7/10/2009,,,,,,
118536023,graduated,10/22/2018,10/22/2009,,,,,,
119165335,graduated,8/11/2018,8/11/2009,,,,,,
119472616,graduated,3/31/2018,3/30/2009,,,,,,
120668962,withdrawn,12/22/2017,12/6/2012,,,,,,
120815100,terminated,12/18/2017,1/21/2009,,,,,,
121556096,active,3/23/2024,3/23/2015,,,,,,
122154771,graduated,7/22/2018,7/22/2009,,,,,,
122826162,graduated,6/18/2018,6/18/2009,,,,,,
124727376,graduated,9/21/2018,9/21/2009,,,,,,
125639208,graduated,7/10/2018,7/10/2009,,,,,,
125831631,graduated,9/17/2018,9/17/2009,,,,,,
126601231,graduated,11/4/2018,11/4/2009,,,,,,
126625560,withdrawn,6/4/2018,10/13/2009,,,,,,
126632293,graduated,7/17/2018,7/17/2009,,,,,,
126681084,graduated,3/27/2018,3/26/2009,,,,,,
126715452,active,9/19/2024,6/19/2015,,,,,,
126927677,graduated,3/31/2018,3/30/2009,,,,,,
127515166,graduated,1/2/2018,12/29/2008,,,,,,
127865447,graduated,11/4/2018,11/4/2009,,,,,,
127928757,graduated,10/22/2018,10/22/2009,,,,,,
128132094,graduated,7/28/2018,7/28/2009,,,,,,
129737958,graduated,11/4/2018,11/4/2009,,,,,,
129845447,graduated,7/22/2018,7/22/2009,,,,,,
130510308,graduated,11/4/2018,11/4/2009,,,,,,
130695385,graduated,3/13/2018,3/12/2009,,,,,,
131200003,graduated,9/2/2018,9/2/2009,,,,,,
131622347,active,5/21/2021,5/21/2012,,,,,,
132043147,graduated,3/15/2018,3/12/2009,,,,,,
132202990,graduated,6/18/2018,6/18/2009,,,,,,
133120332,graduated,11/4/2018,11/4/2009,,,,,,
133129044,active,9/30/2025,9/30/2016,,,,,,
133297288,graduated,11/14/2018,11/14/2009,,,,,,
134279558,withdrawn,6/6/2018,1/3/2012,,,,,,
134818173,withdrawn,5/21/2018,12/12/2012,,,,,,
135091150,withdrawn,11/9/2017,7/22/2010,,,,,,
135273816,graduated,9/24/2017,9/24/2008,,,,,,
135731243,graduated,7/30/2018,7/30/2009,,,,,,
137339888,active,3/25/2019,3/25/2010,,,,,,
138160788,withdrawn,8/17/2018,3/23/2012,,,,,,
138471466,graduated,6/30/2018,6/30/2009,,,,,,
140122321,graduated,7/25/2018,7/23/2009,,,,,,
140243309,graduated,2/8/2019,2/8/2010,,,,,,
140613113,graduated,4/8/2018,4/7/2009,,,,,,
141081575,graduated,9/17/2018,9/17/2009,,,,,,
141624663,graduated,7/30/2018,7/30/2009,,,,,,
141692413,graduated,3/7/2018,3/6/2009,,,,,,
141723929,graduated,2/5/2018,2/5/2009,,,,,,
141938386,graduated,3/27/2018,3/26/2009,,,,,,
141948633,graduated,5/29/2018,5/29/2009,,,,,,
142232441,graduated,1/8/2018,1/7/2009,,,,,,
142419048,graduated,9/17/2018,9/17/2009,,,,,,
142540058,withdrawn,9/11/2017,12/9/2008,,,,,,
142544837,active,3/7/2018,8/3/2012,,,,,,
143188600,active,3/4/2019,3/4/2010,,,,,,
143419641,withdrawn,2/2/2018,8/21/2009,,,,,,
144812240,graduated,2/26/2018,2/25/2009,,,,,,
145207929,graduated,4/3/2018,4/2/2009,,,,,,
145452954,graduated,8/21/2018,8/21/2009,,,,,,
145886813,graduated,6/30/2018,6/30/2009,,,,,,
146123901,active,3/4/2019,3/4/2010,,,,,,
146479907,graduated,3/31/2018,3/30/2009,,,,,,
146810614,withdrawn,9/7/2017,4/13/2012,,,,,,
147079011,active,3/19/2022,3/19/2013,,,,,,
148783660,withdrawn,5/21/2018,6/19/2016,,,,,,
149449675,graduated,4/15/2018,4/14/2009,,,,,,
149476587,active,2/7/2025,2/7/2016,,,,,,
150150386,graduated,7/31/2018,7/31/2009,,,,,,
150760846,graduated,3/31/2018,3/30/2009,,,,,,
152265885,graduated,7/22/2018,7/22/2009,,,,,,
152734229,graduated,6/9/2018,6/8/2009,,,,,,
152970724,graduated,9/17/2018,9/17/2009,,,,,,
153476226,graduated,8/11/2018,8/11/2009,,,,,,
153590617,active,10/31/2022,10/31/2013,,,,,,
156798501,graduated,10/8/2018,10/8/2009,,,,,,
158979497,graduated,7/28/2018,7/28/2009,,,,,,
159766831,withdrawn,10/27/2017,4/25/2012,,,,,,
159992689,graduated,2/8/2019,2/8/2010,,,,,,
163102143,active,2/10/2020,2/10/2011,,,,,,
163544674,graduated,1/11/2018,1/6/2009,,,,,,
165039186,graduated,4/8/2018,4/7/2009,,,,,,
166798673,graduated,11/4/2018,11/4/2009,,,,,,
167012298,graduated,10/22/2018,10/22/2009,,,,,,
167220065,graduated,2/26/2018,2/25/2009,,,,,,
167243281,terminated,3/13/2018,5/15/2012,,,,,,
167525638,graduated,1/11/2018,1/9/2009,,,,,,
168243769,graduated,4/8/2018,4/7/2009,,,,,,
168421308,graduated,6/18/2018,6/18/2009,,,,,,
168523947,active,8/30/2019,8/30/2010,,,,,,
168756935,graduated,1/11/2018,1/6/2009,,,,,,
169199564,active,5/11/2020,5/11/2011,,,,,,
169684375,graduated,7/28/2018,7/28/2009,,,,,,
169731549,graduated,9/21/2018,9/21/2009,,,,,,
170418045,graduated,10/8/2018,10/8/2009,,,,,,
170522804,graduated,11/14/2018,11/14/2009,,,,,,
170564715,withdrawn,11/16/2017,9/17/2009,,,,,,
170936996,withdrawn,11/17/2017,8/31/2009,,,,,,
170951045,graduated,8/11/2018,8/11/2009,,,,,,
171320414,graduated,11/14/2018,11/14/2009,,,,,,
171528396,active,7/27/2021,7/27/2012,,,,,,
171836299,withdrawn,2/1/2018,10/28/2011,,,,,,
173281572,graduated,10/15/2017,10/15/2008,,,,,,
173468138,withdrawn,12/22/2017,10/14/2014,,,,,,
174258090,graduated,8/21/2018,8/21/2009,,,,,,
175896716,graduated,1/7/2019,1/7/2010,,,,,,
176091986,graduated,3/27/2018,3/26/2009,,,,,,
177082620,graduated,8/31/2018,8/31/2009,,,,,,
177422446,graduated,1/23/2019,1/23/2010,,,,,,
177485567,active,5/9/2021,5/9/2012,,,,,,
179233064,graduated,6/30/2018,6/30/2009,,,,,,
179270991,graduated,11/4/2018,11/4/2009,,,,,,
179850297,graduated,9/30/2018,9/30/2009,,,,,,
179887802,active,1/21/2025,1/21/2016,,,,,,
181415022,graduated,10/13/2018,10/13/2009,,,,,,
182771139,active,12/14/2020,12/14/2011,,,,,,
182937172,graduated,10/22/2018,10/22/2009,,,,,,
184021413,graduated,11/14/2018,11/14/2009,,,,,,
184060445,graduated,5/29/2018,5/29/2009,,,,,,
184456155,terminated,11/29/2017,2/5/2009,,,,,,
184675986,active,11/22/2019,11/22/2010,,,,,,
184766587,graduated,3/25/2018,3/24/2009,,,,,,
185305658,graduated,9/25/2018,9/25/2009,,,,,,
186720210,graduated,8/21/2018,8/21/2009,,,,,,
186903527,graduated,5/30/2018,5/29/2009,,,,,,
187648274,graduated,10/29/2018,10/29/2009,,,,,,
189437366,graduated,7/28/2018,7/28/2009,,,,,,
189810745,active,10/3/2024,10/3/2015,,,,,,
190441332,active,5/14/2019,5/14/2010,,,,,,
193800344,graduated,2/26/2018,2/25/2009,,,,,,
194939328,active,3/4/2019,3/4/2010,,,,,,
196332584,graduated,2/26/2018,2/25/2009,,,,,,
197625184,graduated,6/9/2018,6/8/2009,,,,,,
197735702,withdrawn,6/4/2018,10/29/2009,,,,,,
198230927,graduated,10/8/2018,10/8/2009,,,,,,
198404910,withdrawn,10/27/2017,6/27/2012,,,,,,
199110656,active,5/22/2019,5/22/2010,,,,,,
199229993,graduated,8/1/2018,7/30/2009,,,,,,
360979889,graduated,6/30/2018,6/30/2009,,,,,,
361725158,withdrawn,9/13/2018,5/4/2011,,,,,,
361959195,graduated,9/13/2018,9/11/2009,,,,,,
362736873,graduated,3/27/2018,3/26/2009,,,,,,
362845781,graduated,1/11/2018,1/7/2009,,,,,,
363040556,graduated,6/18/2018,6/18/2009,,,,,,
363650110,graduated,10/1/2018,10/1/2009,,,,,,
364212733,graduated,3/14/2018,3/13/2009,,,,,,
556037773,terminated,12/18/2017,5/14/2010,,,,,,
556859424,active,11/28/2024,11/28/2015,,,,,,
557412124,graduated,1/7/2018,1/6/2009,,,,,,
557415119,graduated,3/7/2018,3/6/2009,,,,,,
601812626,graduated,10/8/2018,10/8/2009,,,,,,
602301272,active,3/21/2020,3/21/2011,,,,,,
602497484,withdrawn,8/22/2018,5/23/2012,,,,,,
602783248,graduated,10/29/2018,10/29/2009,,,,,,
603066192,graduated,6/1/2018,6/1/2009,,,,,,
603198453,graduated,6/30/2018,6/30/2009,,,,,,
603678355,active,2/2/2021,2/2/2012,,,,,,
603767195,graduated,3/31/2018,3/30/2009,,,,,,
607087210,active,2/6/2024,2/6/2015,,,,,,
607438277,graduated,5/21/2018,5/21/2009,,,,,,
608472309,active,1/15/2025,1/15/2016,,,,,,
608546680,graduated,7/10/2018,7/10/2009,,,,,,
608604638,active,3/21/2023,3/21/2014,,,,,,
609602193,active,11/24/2019,11/24/2010,,,,,,
609707588,graduated,8/11/2018,8/11/2009,,,,,,
610347812,graduated,10/22/2018,10/22/2009,,,,,,
610451739,graduated,6/12/2018,6/12/2009,,,,,,
612917612,active,2/16/2021,2/16/2012,,,,,,
612920475,graduated,7/22/2018,7/22/2009,,,,,,
614380884,graduated,6/30/2018,6/30/2009,,,,,,
614748742,graduated,1/11/2018,1/6/2009,,,,,,
614829054,graduated,5/26/2018,5/26/2009,,,,,,
616068362,graduated,3/7/2018,3/6/2009,,,,,,
616242686,active,3/11/2020,3/11/2011,,,,,,
617274498,graduated,12/28/2018,12/28/2009,,,,,,
617993063,graduated,7/10/2018,7/10/2009,,,,,,
619449320,graduated,7/28/2018,7/28/2009,,,,,,
619621878,graduated,1/11/2018,1/9/2009,,,,,,
620862016,graduated,6/9/2018,6/8/2009,,,,,,
620942008,active,5/22/2024,5/22/2015,,,,,,
621475743,active,8/15/2023,8/15/2014,,,,,,
621665715,graduated,7/28/2018,7/28/2009,,,,,,
622004740,graduated,6/9/2018,6/8/2009,,,,,,
622158843,withdrawn,6/22/2018,12/28/2009,,,,,,
622818784,graduated,5/28/2018,5/26/2009,,,,,,
623385296,graduated,10/22/2018,10/22/2009,,,,,,
623443582,graduated,9/30/2018,9/30/2009,,,,,,
623587867,graduated,5/30/2018,5/29/2009,,,,,,
623616799,graduated,9/17/2018,9/17/2009,,,,,,
623686834,graduated,8/11/2018,8/11/2009,,,,,,
624088147,graduated,5/27/2018,5/26/2009,,,,,,
625150565,graduated,7/10/2018,7/10/2009,,,,,,
626394725,active,4/1/2019,4/1/2010,,,,,,
626798685,graduated,10/13/2018,10/13/2009,,,,,,
627013910,active,3/15/2022,3/15/2013,,,,,,
627597136,graduated,8/21/2018,8/21/2009,,,,,,
780148248,graduated,8/31/2018,8/31/2009,,,,,,
780344938,active,9/18/2024,9/18/2015,,,,,,
780411133,graduated,9/17/2018,9/17/2009,,,,,,
780588740,graduated,1/4/2018,12/29/2008,,,,,,
781052746,graduated,7/10/2018,7/10/2009,,,,,,
782801596,graduated,3/7/2018,3/6/2009,,,,,,
782985956,graduated,6/18/2018,6/18/2009,,,,,,
783368012,graduated,10/22/2018,10/22/2009,,,,,,
783658581,withdrawn,9/19/2017,8/31/2009,,,,,,
783824720,graduated,3/7/2018,3/6/2009,,,,,,
783834125,graduated,3/7/2018,3/6/2009,,,,,,
784236858,graduated,7/10/2018,7/10/2009,,,,,,
784434321,graduated,7/10/2018,7/10/2009,,,,,,
785013454,graduated,7/22/2018,7/22/2009,,,,,,
786524772,graduated,3/27/2018,3/24/2009,,,,,,
786585062,graduated,3/31/2018,3/30/2009,,,,,,
786856203,graduated,9/30/2018,9/30/2009,,,,,,
786945126,graduated,10/22/2018,10/22/2009,,,,,,
787488399,graduated,4/15/2018,4/14/2009,,,,,,
788101595,graduated,10/13/2018,10/13/2009,,,,,,
788253875,graduated,6/12/2018,6/12/2009,,,,,,
788651185,terminated,12/18/2017,7/16/2014,,,,,,
788866478,graduated,6/30/2018,6/30/2009,,,,,,
788873052,withdrawn,2/2/2018,10/22/2009,,,,,,
789525818,graduated,8/21/2018,8/21/2009,,,,,,
789540999,graduated,3/15/2018,3/13/2009,,,,,,
789803074,graduated,11/4/2018,11/4/2009,,,,,,
790364207,graduated,3/15/2018,3/12/2009,,,,,,
790381730,graduated,11/14/2018,11/14/2009,,,,,,
790549427,graduated,1/1/2018,12/29/2008,,,,,,
790996875,withdrawn,2/2/2018,6/18/2009,,,,,,
791011542,graduated,6/30/2018,6/30/2009,,,,,,
791016954,graduated,7/2/2018,7/2/2009,,,,,,
791152460,graduated,7/23/2018,7/23/2009,,,,,,
791402998,graduated,9/30/2018,9/30/2009,,,,,,
791547677,graduated,4/8/2018,4/7/2009,,,,,,
792826179,graduated,7/10/2018,7/10/2009,,,,,,
793171351,graduated,9/17/2018,9/17/2009,,,,,,
793474011,graduated,7/10/2018,7/10/2009,,,,,,
793511507,graduated,6/1/2018,6/1/2009,,,,,,
793536413,graduated,10/22/2018,10/22/2009,,,,,,
794038369,graduated,7/22/2018,7/22/2009,,,,,,
794041751,graduated,9/17/2018,9/17/2009,,,,,,
794106901,graduated,6/9/2018,6/8/2009,,,,,,
794122437,graduated,3/7/2018,3/6/2009,,,,,,
794516802,graduated,6/30/2018,6/30/2009,,,,,,
795082437,withdrawn,7/11/2018,10/3/2011,,,,,,
795416473,graduated,7/10/2018,7/10/2009,,,,,,
796211589,graduated,11/4/2018,11/4/2009,,,,,,
796421667,graduated,11/4/2018,11/4/2009,,,,,,
796628162,graduated,8/27/2018,8/27/2009,,,,,,
796747819,graduated,7/22/2018,7/22/2009,,,,,,
796830706,graduated,9/17/2018,9/17/2009,,,,,,
796886310,graduated,3/31/2018,3/30/2009,,,,,,
796891443,active,3/19/2022,3/19/2013,,,,,,
797087512,graduated,10/22/2018,10/22/2009,,,,,,
797455560,graduated,3/31/2018,3/30/2009,,,,,,
797901324,graduated,11/14/2018,11/14/2009,,,,,,
798231259,graduated,6/12/2018,6/12/2009,,,,,,
798823212,graduated,3/15/2018,3/14/2009,,,,,,
798876756,graduated,10/22/2018,10/22/2009,,,,,,
799053900,active,1/18/2022,1/18/2013,,,,,,
799291468,graduated,10/8/2018,10/8/2009,,,,,,
799298815,graduated,6/30/2018,6/30/2009,,,,,,
799572946,graduated,6/12/2018,6/12/2009,,,,,,
800094513,active,7/31/2024,7/31/2015,,,,,,
800127859,withdrawn,12/6/2017,5/10/2011,,,,,,
800302718,graduated,8/11/2018,8/11/2009,,,,,,
800466992,graduated,7/2/2018,7/2/2009,,,,,,
800577566,graduated,9/25/2018,9/25/2009,,,,,,
800579554,graduated,2/26/2018,2/25/2009,,,,,,
800750155,graduated,9/25/2018,9/25/2009,,,,,,
800830916,graduated,5/27/2018,5/26/2009,,,,,,
801095303,terminated,12/14/2017,7/8/2011,,,,,,
801223954,graduated,10/8/2018,10/8/2009,,,,,,
801262473,graduated,1/10/2018,1/9/2009,,,,,,
801358693,graduated,7/2/2018,7/2/2009,,,,,,
801377289,graduated,10/8/2018,10/8/2009,,,,,,
801386942,graduated,8/21/2018,8/21/2009,,,,,,
801443974,graduated,7/10/2018,7/10/2009,,,,,,
801463832,active,8/5/2019,8/5/2010,,,,,,
801957023,graduated,2/26/2018,2/25/2009,,,,,,
801970190,graduated,6/10/2018,6/10/2009,,,,,,
801990404,graduated,8/9/2018,8/9/2009,,,,,,
802703210,withdrawn,8/22/2018,12/19/2012,,,,,,
803768340,withdrawn,8/16/2018,12/19/2013,,,,,,
804525058,terminated,3/13/2018,11/26/2012,,,,,,
805342859,withdrawn,11/9/2017,1/7/2010,,,,,,
805514747,withdrawn,2/1/2018,8/21/2009,,,,,,
805596710,withdrawn,2/1/2018,4/16/2009,,,,,,
805719387,graduated,9/11/2018,9/11/2009,,,,,,
805768558,graduated,9/1/2018,9/1/2009,,,,,,
805875718,graduated,8/19/2018,8/19/2009,,,,,,
806013723,graduated,9/17/2018,9/17/2009,,,,,,
806133349,active,10/3/2020,10/3/2011,,,,,,
806138330,graduated,7/23/2018,7/23/2009,,,,,,
806347329,graduated,10/8/2018,10/8/2009,,,,,,
806602962,graduated,3/31/2018,3/30/2009,,,,,,
806746744,withdrawn,8/22/2018,9/1/2009,,,,,,
806754664,graduated,3/25/2018,3/24/2009,,,,,,
807008276,graduated,5/26/2018,5/26/2009,,,,,,
807311910,graduated,2/26/2018,2/25/2009,,,,,,
807372839,graduated,8/1/2018,7/30/2009,,,,,,
807377218,graduated,8/21/2018,8/21/2009,,,,,,
807469619,withdrawn,9/8/2017,7/10/2009,,,,,,
807866293,graduated,10/1/2018,10/1/2009,,,,,,
807878728,withdrawn,11/9/2017,7/27/2010,,,,,,
807935080,graduated,3/7/2018,3/6/2009,,,,,,
807937565,graduated,10/13/2018,10/13/2009,,,,,,
808092519,graduated,9/30/2018,9/30/2009,,,,,,
808099563,graduated,6/30/2018,6/30/2009,,,,,,
808126226,graduated,1/11/2018,1/9/2009,,,,,,
808149004,active,12/20/2020,12/20/2011,,,,,,
808278951,graduated,10/22/2018,10/22/2009,,,,,,
808542091,graduated,1/11/2018,1/9/2009,,,,,,
808559418,graduated,7/22/2018,7/22/2009,,,,,,
808560663,graduated,8/11/2018,8/11/2009,,,,,,
809043735,graduated,6/18/2018,6/18/2009,,,,,,
809168102,active,2/12/2025,2/12/2016,,,,,,
809222818,graduated,8/31/2018,8/31/2009,,,,,,
809515864,graduated,7/22/2018,7/22/2009,,,,,,
809780695,graduated,7/10/2018,7/10/2009,,,,,,
809799369,terminated,5/7/2018,4/29/2011,,,,,,
809875342,graduated,7/28/2018,7/28/2009,,,,,,
809979185,withdrawn,2/2/2018,11/26/2013,,,,,,
824600642,graduated,9/12/2018,9/11/2009,,,,,,
825126035,graduated,8/21/2018,8/21/2009,,,,,,
825141604,graduated,6/30/2018,6/30/2009,,,,,,
825231736,withdrawn,6/22/2018,10/11/2011,,,,,,
825272110,graduated,10/13/2018,10/13/2009,,,,,,
825288322,graduated,7/10/2018,7/10/2009,,,,,,
825887420,graduated,2/26/2018,2/25/2009,,,,,,
825903821,graduated,3/31/2018,3/30/2009,,,,,,
826034071,graduated,8/11/2018,8/11/2009,,,,,,
826539061,active,12/9/2019,12/9/2010,,,,,,
826784444,graduated,7/10/2018,7/10/2009,,,,,,
826888013,graduated,8/11/2018,8/11/2009,,,,,,
826939295,withdrawn,6/4/2018,11/30/2010,,,,,,
826962172,graduated,11/14/2018,11/14/2009,,,,,,
826975489,graduated,1/29/2019,1/29/2010,,,,,,
826985066,graduated,4/8/2018,4/7/2009,,,,,,
827150611,active,10/27/2020,10/27/2011,,,,,,
827155065,withdrawn,8/22/2018,9/30/2009,,,,,,
827158796,withdrawn,10/27/2017,7/21/2010,,,,,,
827403267,graduated,9/30/2018,9/30/2009,,,,,,
827448957,graduated,1/11/2018,1/9/2009,,,,,,
827728879,graduated,9/17/2018,9/17/2009,,,,,,
827849386,graduated,9/30/2018,9/30/2009,,,,,,
827884425,withdrawn,2/1/2018,10/28/2011,,,,,,
828268503,withdrawn,7/11/2018,10/22/2009,,,,,,
828297908,graduated,8/19/2018,8/19/2009,,,,,,
828359211,graduated,8/11/2018,8/11/2009,,,,,,
828390182,graduated,6/9/2018,6/8/2009,,,,,,
828402953,active,4/15/2020,4/15/2011,,,,,,
828433388,graduated,9/1/2018,9/1/2009,,,,,,
828480819,graduated,3/15/2018,3/13/2009,,,,,,
828528740,withdrawn,10/27/2017,7/18/2016,,,,,,
828559349,graduated,9/21/2018,9/21/2009,,,,,,
828707575,graduated,9/30/2018,9/30/2009,,,,,,
828711437,active,3/19/2022,3/19/2013,,,,,,
828743000,active,11/28/2020,11/28/2011,,,,,,
828996152,active,11/26/2021,11/26/2012,,,,,,
829021364,active,1/26/2024,1/26/2015,,,,,,
829026207,active,12/19/2025,12/19/2016,,,,,,
829047740,withdrawn,5/21/2018,12/28/2009,,,,,,
829139695,graduated,9/30/2018,9/30/2009,,,,,,
829149819,graduated,9/9/2018,9/9/2009,,,,,,
829152672,active,10/28/2020,10/28/2011,,,,,,
829177596,graduated,8/21/2018,8/21/2009,,,,,,
829248827,active,2/15/2022,2/15/2013,,,,,,
829307649,active,11/22/2020,11/22/2011,,,,,,
829353106,active,8/24/2019,8/24/2010,,,,,,
829484356,graduated,8/21/2018,8/21/2009,,,,,,
829506190,active,11/25/2025,11/25/2016,,,,,,
829594790,graduated,8/21/2018,8/21/2009,,,,,,
829617526,withdrawn,11/3/2017,8/5/2010,,,,,,
829742852,graduated,8/31/2018,8/31/2009,,,,,,
829812028,withdrawn,10/17/2017,5/9/2011,,,,,,
829828917,graduated,8/31/2018,8/31/2009,,,,,,
829829691,active,1/25/2020,1/25/2011,,,,,,
829972194,active,7/18/2022,7/18/2013,,,,,,
830124462,graduated,9/30/2018,9/30/2009,,,,,,
830165937,withdrawn,7/11/2018,5/2/2012,,,,,,
830331638,graduated,7/2/2018,7/2/2009,,,,,,
830486267,graduated,9/21/2018,9/21/2009,,,,,,
830891060,graduated,10/29/2018,10/29/2009,,,,,,
831297093,active,8/23/2019,8/23/2010,,,,,,
831309807,active,12/13/2022,12/13/2013,,,,,,
831374249,terminated,1/10/2018,5/8/2015,,,,,,
831619809,early_graduated,8/16/2018,12/6/2011,,,,,,
831632521,graduated,11/14/2018,11/14/2009,,,,,,
831714477,withdrawn,6/26/2018,8/17/2016,,,,,,
831804823,active,5/5/2020,5/5/2011,,,,,,
832002807,withdrawn,2/1/2018,12/2/2010,,,,,,
832387810,withdrawn,8/16/2018,4/29/2010,,,,,,
832895085,early_graduated,8/16/2018,5/4/2011,,,,,,
833004596,withdrawn,6/26/2018,10/3/2011,,,,,,
834434649,graduated,6/30/2018,6/30/2009,,,,,,
835596920,active,12/29/2020,12/29/2011,,,,,,
840039494,withdrawn,5/21/2018,4/13/2012,,,,,,
841483857,graduated,7/2/2018,7/2/2009,,,,,,
842365926,graduated,11/14/2018,11/14/2009,,,,,,
843148321,active,2/21/2020,2/21/2011,,,,,,
843555686,graduated,11/14/2018,11/14/2009,,,,,,
845958318,graduated,3/27/2018,3/24/2009,,,,,,
847908774,active,12/14/2020,12/14/2011,,,,,,
848463055,active,1/10/2025,1/10/2016,,,,,,
849625355,graduated,7/24/2018,7/23/2009,,,,,,
855032319,graduated,7/22/2018,7/22/2009,,,,,,
855034836,graduated,10/8/2018,10/8/2009,,,,,,
855038865,withdrawn,11/3/2017,7/22/2009,,,,,,
858989507,terminated,7/30/2018,12/6/2012,,,,,,
861341910,graduated,7/28/2018,7/28/2009,,,,,,
877440701,graduated,10/13/2018,10/13/2009,,,,,,
877511118,active,8/10/2021,8/10/2012,,,,,,
883869935,graduated,9/25/2018,9/25/2009,,,,,,
927280474,graduated,8/11/2018,8/11/2009,,,,,,
930302190,active,12/29/2020,12/29/2011,,,,,,
941003530,withdrawn,11/3/2017,2/28/2014,,,,,,
944137848,graduated,5/30/2018,5/29/2009,,,,,,
947172649,graduated,9/21/2018,9/21/2009,,,,,,
948864871,graduated,6/18/2018,6/18/2009,,,,,,
949307839,withdrawn,10/27/2017,3/6/2009,,,,,,
956991640,graduated,8/11/2018,8/11/2009,,,,,,
957180222,graduated,8/31/2018,8/31/2009,,,,,,
958056132,graduated,3/15/2018,3/12/2009,,,,,,
961550449,graduated,6/18/2018,6/18/2009,,,,,,
961628737,active,2/6/2024,2/6/2015,,,,,,
961884991,active,12/6/2020,12/6/2011,,,,,,
962446360,withdrawn,11/7/2017,10/28/2011,,,,,,
962522996,withdrawn,8/16/2018,8/26/2011,,,,,,
962631540,active,4/14/2025,4/14/2016,,,,,,
963839415,withdrawn,11/7/2017,8/5/2011,,,,,,
964561943,withdrawn,8/16/2018,10/7/2011,,,,,,
964964878,graduated,10/8/2018,10/8/2009,,,,,,
965039527,active,11/21/2023,11/21/2014,,,,,,
965502193,withdrawn,8/16/2018,2/16/2012,,,,,,
965969884,active,12/6/2020,12/6/2011,,,,,,
966840295,active,1/15/2025,1/15/2016,,,,,,
967026584,graduated,11/4/2018,11/4/2009,,,,,,
967227583,withdrawn,2/22/2018,8/26/2011,,,,,,
968410931,active,4/25/2022,4/25/2013,,,,,,
968468772,active,12/1/2020,12/1/2011,,,,,,
969953582,active,1/24/2023,1/24/2014,,,,,,